<?xml version="1.0" encoding="UTF-8"?>
<ehcache xmlns:xsi="http://www.w3.org/2001/XMLSchema-instance" xsi:noNamespaceSchemaLocation="http://ehcache.org/ehcache.xsd" updateCheck="false">

	<diskStore path="java.io.tmpdir" />


	<cacheManagerPeerProviderFactory class="net.sf.ehcache.distribution.RMICacheManagerPeerProviderFactory"
		properties="peerDiscovery=automatic, multicastGroupAddress=230.0.0.10, multicastGroupPort=40010, timeToLive=32" />


	<cacheManagerPeerListenerFactory class="net.sf.ehcache.distribution.RMICacheManagerPeerListenerFactory"
		properties="hostName=, port=, socketTimeoutMillis=" />


	<defaultCache maxElementsInMemory="1" eternal="false" overflowToDisk="false" timeToIdleSeconds="180" timeToLiveSeconds="180">
	</defaultCache>

	<cache name="employeeCache" maxEntriesLocalHeap="1000" eternal="false" overflowToDisk="false" timeToIdleSeconds="0" timeToLiveSeconds="900">
		<cacheEventListenerFactory class="net.sf.ehcache.distribution.RMICacheReplicatorFactory" />
	</cache>



	<!-- <cache name="employeeCache" maxElementsInMemory="1" eternal="false" timeToIdleSeconds="10000" timeToLiveSeconds="10000" overflowToDisk="true"> <cacheEventListenerFactory class="net.sf.ehcache.distribution.RMICacheReplicatorFactory" 
		properties="replicateAsynchronously=true, replicatePuts=true, replicateUpdates=true, replicateUpdatesViaCopy=true, replicateRemovals=true "/> </cache> -->


</ehcache>