<?xml version="1.0" encoding="UTF-8"?>
<configuration scan="true" scanPeriod="30 seconds">
	<springProperty scope="context" name="springAppName" source="spring.application.name"/>
	<springProperty scope="context" name="port" source="server.port"/>

	<property name="application.log.directory" value="logs/"/>
	
    <property name="defaultPattern"
            value="%d{&quot;yyyy-MM-dd'T'HH:mm:ss,SSS+0000&quot;} %-5p ${hostname}:${port} [${springAppName}] [%X{logTraceId}/%X{traceId}/%X{spanId}] [%logger{36}.%M:%L] - %msg%n"/>
    
	<statusListener class="ch.qos.logback.core.status.OnConsoleStatusListener"/>
    <include resource="org/springframework/boot/logging/logback/defaults.xml"/>
    
 
    <appender name="CONSOLE" class="ch.qos.logback.core.ConsoleAppender">
        <encoder>
            <pattern>
                ${defaultPattern}
            </pattern>
        </encoder>
    </appender>

    <root level="INFO">
        <appender-ref ref="CONSOLE" />
    </root>
</configuration>